Oligonucleotide Name	Oligonucleotide sequence (5' - 3')	PCR product size (bp)	Tm (oC)
1281_LEFT	CCACTTGTGAATTTTGTGGCA	884	56
2164_RIGHT	CTCTTCAAGCCAATCAAGAACTG		
2057_LEFT	ATGGCATACATTACAGGTGGTG	1146	56
2142_LEFT	CAGTTCTTGATTGGCTTGAAGAG		
3202_RIGHT	CCAATCTTCTTCTTGCTCTTC		
4112_LEFT	GCTCCTTATATAGTGGGTGATG	940	58
5051_RIGHT	GACCGAACTGTTGTCCATATGTC		
4790_LEFT	GGTTCTTACAAAGATTGGTCCT	842	56
5631_RIGHT	CACACACAGGGTATTTGAACACC		
5609_LEFT	GGTGTTCAAATACCCTGTGTGTG	895	56
6503_RIGHT	CTGGTTTAAGTATAATGTCTCC		
13043_LEFT	GTGCCTGCCAATTCAACTGT	787	58
13829_RIGHT	GCATAGACGAGGTCTGCCATTGTG		
13567_LEFT	GCTGGTTTTGCTAAATTCCT	767	56
14335_RIGHT	CACAATTTGGGTGATATGTCTG		
16036_LEFT	GCTTACCCACTTACTAAACATCC	722	58
16757_RIGHT	GGTCTAGGTTTACCAACTTCC		
16737_LEFT	GGAAGTTGGTAAACCTAGACC	457	58
17193_RIGHT	CTCACATAGTGCATCAACAGC		
19062_LEFT	ACCTCAAGCTGATGTAGAATGG	809	58
19870_RIGHT	CAGTATTAGCAGCAATGTCAACAC		
19668_LEFT	TGGACAACAAGGTGAAGTACC	660	56
20327_RIGHT	ACGATATGTTCAAAGGCATAGC		
20171_LEFT	GTGTTGTTCAGCAATTACCTG	776	56
20946_RIGHT	GACAAGTAGTGTACCCGTAGG		
20772_LEFT	AGGCATAATGATGAATGTCGCA	1077	56
20998_LEFT	GACTGTGCAACCGTACATACAG		
21848_RIGHT	CAGTAGATGCAAAATAGACACC		
26450_LEFT	GAGTTCCTGGTCTTCTGGTC	600	58
27049_RIGHT	AGCGTTCGTGATGTAGCAACAG		
